key,type,Korean,English,설명위치
ingame_holdem_straddle,0,스트래들,Straddle,
ingame_holdem_fold,0,폴드,Fold,
ingame_holdem_ante,0,앤트,Ante,
ingame_holdem_die,0,폴드,Fold,
ingame_holdem_check,0,체크,Check,
ingame_holdem_call,0,콜,Call,
ingame_holdem_raise,0,레이즈,Raise,
ingame_holdem_bet,0,벳,Bet,
ingame_holdem_allin,0,올인,All-in,
ingame_holdem_max,0,맥스,Max,
ingame_holdem_foldcheck,0,폴드/체크,Fold/Check,
ingame_holdem_confirm,0,확인,Confirm,
ingame_holdem_big,0,BB,BB,
ingame_holdem_small,0,SB,SB,
ingame_holdem_pb,0,PB,PB,
ingame_holdem_winner,0,우승,Winner,
SYS_PUB_SRV_SETTING,0,서버 설정중,Setting up the publisher server...,
SYS_GAME_VER_INFO_CHECKING,0,게임 버전 정보 확인 중…,Retrieving version information...,
SYS_GAME_UPDATE_INFO_CHECKING,0,게임 업데이트 정보 확인 중...,Checking for updates...,
SYS_GAME_MAINTAIN_INFO_CHECKING,0,게임 점검 정보 확인 중...,Checking maintenance schedules...,
SYS_GAME_SRV_CONNECTING,0,게임 서버에 연결 중...,Connecting to the server...,
SYS_ERR_NETWORK,0,네트워크 에러,Network error,
SYS_ERR_GAME,0,게임 에러,Game client error,
SYS_INVALID_CLIENT_VER_LOW,0,클라이언트의 버전이 최신버전이 아닙니다.\n스토어에서 업데이트를 진행해주세요.,Your client is not up-to-date. \n Please update application and restart.,
SYS_INVALID_CLIENT_VER_HI,0,아직 업데이트 되지 않은 버전입니다.,A version that has not been updated.,
SYS_ERR_CLIENT_VER_CHECK,0,버전 체크중 오류가 발생했습니다.,Could not retrieve version information.,
SYS_ERR_OVER_LIMIT_PURCHASE_MONTHLY,0,월 구매 한도 초과,Reached monthly purchase limit,
SYS_CANT_PURCHASE_COZ_LIMIT_MONTHLY,0,"월 구매 한도를 초과하여 결제를 진행 하실 수 없습니다.\n\n* 월 구매한도는 매월 01일 오전 12시를 기준으로 초기화 됩니다.\n\n이번달 누적 결제금액: {0:0,000}원\n남은 구매 가능 금액: {1:0,000}원","You have reached the monthly purchase limit. Additional purchases are restricted. \n\n* Cumulative purchases are initialized on the first day of the month.\n\n Monthly Cumulative Purchase: {0:0,000}KRW\n Remaining Purchase Limit: {1:0,000}KRW",
SYS_ERR_OVER_LIMIT_LOSS_DAILY,0,1일 손실 한도 초과,Reached daily loss limit,
SYS_EXIT_CLIENT_COZ_OVER_LIMIT_LOSS_DAILY,0,1일 손실 한도를 초과하여 게임을 이용하실 수 없어 게임을 종료합니다.n\n일 사용 한도 금액: {0} 코인,Game will be terminated because you have reached the daily loss limit.\n\n Monthly loss limit: {0} billion coins,
SYS_ERR_COZ_CANT_CONNECT_OVER_LIMIT_LOSS_DAILEY,0,1일 손실 한도를 초과하여 접속하실 수 없습니다. \n이용제한 남은시간:{0},You cannot access the game because you have reached the daily loss limit.\nRemaining time:{0},
SYS_ERR_NICK_CHECKING,0,닉네임 체크 에러,Nickname check error,
SYS_ERR_NICK_CHECKING_NOT_DEFINED,0,정의 되지 않은 닉네임 체크 에러입니다.,Undefined nickname checking error,
SYS_ERR_JOIN,0,회원 가입 에러,Sign-up error,
SYS_ERR_NICK_CHANGE,0,정의 되지 않은 닉네임 변경 에러입니다.,Undefined nickname changing error,
SYS_ERR_LOGOUT_SUCCESS,0,로그아웃 성공,Successfully logged out,
SYS_CLIENT_LOGOUT_SUCCESS,0,로그아웃에 성공했습니다.,Successfully logged out,
SYS_ERR_GAME_IN_FAILED,0,게임 입장 실패,Failed to enter game,
SYS_CLIENT_GAME_IN_FAILED,0,게임 입장에 실패하셨습니다.,Failed to enter game,
SYS_ERR_LOGIN,0,로그인 에러,Login error,
SYS_ERR_LOGIN_NOT_DEFINED,0,정의 되지 않은 로그인 에러입니다.,Undefined login error,
SYS_ERR_GAME_LOGIN,0,게임 로그인 에러,Game login error,
SYS_ERR_GAME_LOGIN_NOT_DEFINED,0,정의 되지 않은 게임 로그인 에러입니다.,Undefined game login error,
SYS_ERR,0,오류,Error,
SYS_ERR_VER_CHECKING,0,버전 체크중 오류가 발생했습니다.,Version check error,
SYS_ERR_UPDATE_FAILED,0,클라이언트의 업데이트에 실패했습니다.\n다시 시도 해주세요.,Client update failed.\n Please try again.,
SYS_ERR_GET_TOKEN_FAILED,0,로그인 토큰 획득 실패,Failed to acquire login token,
SYS_CLIENT_GET_TOKEN_FAILED,0,로그인 토큰을 가져오는 데 실패하였습니다.,Failed to acquire login token,
SYS_ERR_JOIN_FAILED,0,회원가입 실패,Sign-up failed,
SYS_ERR_NEC_AGREE,0,필수약관에 모두 동의해주세요.,Please agree to all the mandatory terms and conditions.,
SYS_ERR_DEF_SECRET,0,비밀번호와 비밀번호 확인란이 다릅니다.,Passwords do not match. Please check again.,
SYS_CLIENT_JOIN_FAILED,0,회원가입에 실패했습니다.,Sign-up failed,
SYS_SECRET_INIT_EMAIL_SEND_SUCCESS,0,비밀번호 초기화 메일 발송,Send password reset email,
SYS_SECRET_INIT_EMAIL_SEND_SUCCESS_REQUEST_LOGIN,0,해당 이메일로 비밀번호 초기화 메일을 발송했습니다.\n비밀번호 변경 후 다시 로그인 해주세요.,A password reset email has been sent to your email address.\n Please login after changing your password.,
SYS_SECRET_INIT_EMAIL_SEND_FAILED,0,비밀번호 초기화 메일 발송 실패,Failed to send password reset email,
SYS_SECRET_INIT_EMAIL_SEND_FAILED_CHECK_EMAIL,0,해당 이메일로 비밀번호 초기화 메일을 발송하지 못했습니다.\n이메일을 확인해주시고 다시 시도 해주세요.,We could not send a password reset email to the given address. \n Please check your email address and try again.,
SYS_ERR_GOOGLE_LOGIN_FAILED,0,구글 로그인 실패,Google login failed,
SYS_ERR_JOIN_NOT_DEFINED,0,정의 되지 않은 회원가입 에러입니다.,Undefined sign-up error.,
SYS_ERR_CHECKING_NETWORK,0,네트워크 상태를 확인해주세요.,Please check your network connection.,
SYS_ERR_SVR_INFO_LOADING_FAILED_CHECKING_NETWORK,0,서버 설정 정보를 불러올 수 없습니다.\n네트워크 상태를 확인해주세요.,Could not load the server settings.\n Please check your network connection.,
SYS_ERR_WAITTIME_OVER,0,반응시간을 초과하였습니다.,Exceeded response time limit,
SYS_ERR_CONNECTING_OTHER_CLIENT,0,다른 기기에서 접속을 시도했습니다.,Your account has been logged in from another device.,
SYS_ERR_DISCONNECTING,0,접속 끊김,Disconnected,
SYS_CLIENT_DISCONNECTING,0,서버와의 접속이 끊어졌습니다.,Connection to server has been lost.,
SYS_ERR_LOGIN_FAILED,0,로그인 실패,Login failed,
SYS_ERR_USER_TOKEN_EXPIRE,0,유저 토큰 만료,User token has expired.,
SYS_ERR_USER_TOKEN_EXPIRE_GO_LOGIN,0,유저 토큰이 만료되어 로그인 화면으로 돌아갑니다.,User token has expired. Returning to login page.,
SYS_ERR_SHORT_NICKNAME,0,닉네임이 너무 짧습니다.,Nickname is too short.,
SYS_ERR_LONG_NICKNAME,0,닉네임이 너무 깁니다.,Nickname is too long.,
SYS_ERR_TRY_SAME_VALUE,0,동일한 값으로 변경 시도,,
SYS_ERR_NOT_CHANGE_SAME_VALUE,0,동일한 값으로는 변경을 할 수 없습니다.,,
SYS_ERR_DAILY_LOSS_LIMIT_CHANGE_COUNT_OVER,0,1일 손실 한도 변경 횟수 초과,Exceeded daily loss limit changing limit,
SYS_ERR_DAILY_LOSS_LIMIT_CHANGE_COUNT_OVER_EXPLAN,0,1일 손실 한도 변경 횟수를 초과하였습니다.\n\n한도 변경 횟수는 매월 1일 초기화 됩니다.,You have reached the daily loss limit changing limit.\n\n Limit is initialized on the first day of each month.,
SYS_CONFIRM,0,확인,Confirm,
SYS_CANCEL,0,취소,Cancel,
SYS_MAX_BET_COZ_OVER_LIMIT_BET_ONGAME,0,1회 게임 베팅 한도를 초과 하였습니다.,You have reached the betting limit for a single game.,
SYS_SELT_GAME_BLOCK,0,본인 이용 제한 설정,Set play time limit,
SYS_SELT_GAME_BLOCK_CHOICE_TIME,0,원하시는 게임 이용 제한 시간을 선택하여 주십시요,Please set play time limit,
SYS_SELT_GAME_BLOCK_CHECKING,0,"본인 이용 제한 설정이 완료되면, 설정하신 시간 동안 게임 접속이 차단되며,\n제한 시간이 모두 종료되기 전까지는 취소하실 수가 없습니다.\n계속 진행하시겠습니까?","Once a limit is set / you will not be able to access the game until it expires. Also, you cannot modify this setting before the designated time. \nDo you want to continue?",
SYS_ERR_LOGIN_FAIL_SELF_GAME_BLOCK,0,이용 제한 자가 설정이 된 상태입니다. \n이용제한 남은시간:{0},이용 제한 자가 설정이 된 상태입니다. \n이용제한 남은시간:{0},
SYS_MSG_USERCARE_TITLE,0,무료 충전,,
SYS_MSG_FREE_CHARGE_GOLD,0,보유 칩이 부족하여 <color=yellow>{0}</color>칩이 무료 충전되었습니다. \n남은횟수:{1},,
SYS_MSG_FREE_CHARGE_SILVER,0,보유 코인이 부족하여 <color=yellow>{0}</color>코인이 무료 충전되었습니다. \n남은횟수:{1},,
siver,0,실버,Silver,
platinum,0,플래티넘,Platinum,
manage_members,0,,,
line,0,,,
join,0,가입,Join Cafe,
gold,0,골드,Gold,
diamond,0,다이아몬드,Diamond,
cancel,0,취소,Cancel,
cashier_type,0,유형,Type,
cashier_transation,0,거래 내역,Transaction history,
cashier_totaldebt,0,총 대여한 칩,Outstanding Loans,
cashier_time,0,시간,Time,
cashier_money,0,응답하다,Request,
cashier_id,0,닉네임,Nickname,
cashier_decline,0,거부,Decline,
cashier_debt,0,대여중인 칩,Current Loans,
debt,0,대여 칩,Debt,
cashier_currdebt,0,대여 중인 칩,Current Debt,
cashier_confirm,0,확인,Confirm,
cashier_chip,0,칩,Chip,
cashier_borrowing_1,0,대여,Loan,
cashier_borrowing,0,대여한 칩 확인,Confirm Loan,
cafe_tier,0,클럽 등급,Cafe Tier,
cafe_private_club,0,비공개 클럽,Private Cafe,
cafe_privacy,0,개인정보처리방침,Privacy Policy,
cafe_password_2,0,비공개 클럽,Private Cafe,
cafe_password,0,클럽 코드,Cafe Code,
cafe_option4,0,링크 초대,One-time<br>Invitation Link,
cafe_option3,0,자동 가입 승인,Auto-Approve Applications,
cafe_option2,0,비공개 클럽,Private Cafe,
cafe_option1,0,이름 / 티어변경,Cafe branding,
cafe_noti_1000,0,1000글자까지만 설정 가능합니다.,Notification cannot exceed 1000 characters.,
cafe_noti,0,알림,Notification,
cafe_invite_3,0,초대링크,Invitation Link,
cafe_invite_2,0,ID(이메일 주소) 초대합니다.,ID(email) to send invitation,
cafe_invite_1,0,초대 멤버(ID/ Password),Invite Member (ID / Password),
cafe_disbandcafe,0,클럽 삭제,Delete Cafe,
cafe_delete_popup1,0,클럽 삭제를 시작합니다.<br>72시간 이후 자동으로 클럽가 삭제됩니다.<br>클럽 삭제를 철회 할 경우 클럽 삭제 취소를 눌러주세요,"Are you sure you want to delete the cafe?<br>After 72 hours, the cafe will be deleted automatically. If you want to cancel the deletion of the cafe, please click 'Undelete Cafe.'",
cafe_delete_popup,0,클럽 삭제,Delete Cafe,
cafe_delete,0,삭제,Delete,
cafe_create,0,생성,Create,
cafe_confrim,0,확인,Confirm,
cafe_characters,0,클럽이름,Cafe Name ( 2~16 Characters ),
cafe_branding,0,이름 / 티어변경,Branding,
bronze,0,브론즈,Bronze,
type_text,0,게임 유형,Game Type,
total_player,0,플레이어,Player,
timebanklength,0,타임뱅크,Time Bank,
timebankgiven,0,타임뱅크 레벨,Time Bank Level,
timebank,0,타임뱅크,Time Bank,
time_price,0,가격,Price,
time_extension,0,시간 연장,Time Extension,
ticketprice_rake,0,티켓 바이인,Buy-in Ticket,
ticketprice_chip,0,칩,Chips,
straddle,0,스트래들,Straddle,
startingstack,0,시작칩,Starting Stack,
stack_removal_option3,0,*일정 BB가 쌓이면 보유칩으로 이동합니다.,"Stack exceeds the BB you set, it is automatically removed from the table.",
stack_removal_option2,0,분 마다,Every minutes,
stack_removal_option1,0,핸드 마다,Every hands,
stack_removal,0,워싱,Stack Periodical Removal,
spectator_ban,0,관전자 모드,Observer Mode,
sng,0,SNG,SNG,
short_deck,0,6+,6+,
schedule,0,예약,Schedule,
run_it_multi,0,런 잇 트와이스,Run it Twice,
rebuy,0,재참가,Re-buy,
rakecap,0,일반 레이크 캡,Normal Rake Cap,
rake_2,0,%,%,
rake,0,액티브 레이크,Active Rake,
prizepool,0,전체 상금,Prize pool,
plo_hi_low,0,하이 로우,High Low,
plo_card_choose,0,카드,Card,
plo,0,PLO,PLO,
personal,0,테이블 최대 인원,Maximum Seats,
payout,0,블라인드 구조,Blind Structure,
passive_rake_4,0,분 마다,Minutes,
passive_rake_3,0,BB 부과,BB per every,
passive_rake_2,0,핸드마다,Hands,
passive_rake_1,0,BB 부과,BB per every,
passive_rake,0,패시브 레이크,Passive Rake,
nolook_allin,0,노룩 올인,No-look ALL-IN,
nlh,0,NLH,NLH,
late_registration,0,블라인드 레벨까지,Until Blind Level,
jackpot_fund,0,잭팟 캡,Jackpot Cap,
insurance_house_commission,0,커미션,Commission,
insurance_title,0,인슈어런스,Insurance,
insurance_explain,0,인슈어런스를 선택하시겠습니까?,Would you like to take insurance?,
insurance_cancel,0,거부,Decline,
insurance_ok,0,승인,Approve,
insurance_infomation,0,인슈어런스 정보,Insurance Infomation,
guarantee,0,보증,Guarantee,
gps_location,0,gps 제한,GPS,
game_type,0,게임 타입,Game Type,
game_length,0,게임 시간,Game Length,
device_ban,0,디바이스 제한,Device Restriction,
create_gameroom,0,자동 시작,Auto Start,
community_ban,0,채팅 제한,Chat Restriction,
buyin,0,Buy-in,Buy-in,
break_time,0,휴식 시간,Break Time,
break_schedule,0,멈춤 예약,Break Schedule,
blinds_up,0,간격,Interval sec,
blind_structure,0,블라인드 구조,Blind Structure,
blind,0,블라인드,Blind,
bet_time,0,액션 타임,Action time,
autostart_condition2,0,테이블 앉은 후,After sitting at the table,
autostart_condition1,0,게임 시작을 위한 최소 인원,Minimum number of players,
autostart,0,자동 시작,Auto start,
ante,0,앤티,Ante,
anonymous,0,닉네임 가리기,Anonymous Player,
action_time,0,액션 타임,Action time,
confirm,0,확인,Confirm,
cafe_join_password_1,0,클럽 코드,Cafe Code,
cafe_join_password_2,0,취소,Cancel,
cafe_join_password_3,0,가입,Join,
cashier_trade4,0,전체 칩,Balance in Result,
cashier_trade5,0,대여한 칩,Loans in Result,
cashier_trade6,0,전체 칩,Total Asset in Result,
room_create,0,게임 생성,Create Game,
cafe_zuice_diamond,0,X 2000,X 2000,
cafe_zuice_platinum,0,X 1000,X 1000,
cafe_zuice_gold,0,X 500,X 500,
cafe_zuice_sliver,0,X 100,X 100,
cafe_zuice_bronze,0,X 4,X 4,
pesonel,0,테이블 최대 인원,Table max player,
game_type_1,0,게임 생성,Create Game,
cafe_join_1,0,클럽 가입,Join Cafe,
cafe_join_2,0,클럽 가입,Join Cafe,
name,0,닉네임,Nickname,
password,0,패스워드,Password,
login,0,로그인,Login,
sign,0,회원가입,Sign-up,
email_login,0,이메일 로그인,Sign-in with Email,
google,0,구글 로그인,Sign-in with Google,
apple,0,Apple 로그인,Sign-in with Apple,
password_c,0,패스워드 확인,Password Confirm,
agreemnet,0,이용 약관 동의,Agree with Terms and Conditions,
infomation,0,개인정보 수집,Privacy Policy,
detail,0,세부사항,Details,
account,0,계정,Account,
avg_pot,0,Avg Pot,Avg Pot,
cafes,0,클럽,Cafes,
store,0,상점,Store,
mypage,0,마이페이지,My Page,
time_left,0,남은 시간,Remaining Time,
invite,0,초대,Invite,
hole_card,0,홀 카드,Hole Card,
winner,0,승리,Winner,
winloss,0,윈로스,PnL,
cafecashier,0,클럽 캐셔,Cafe Cashier,
community,0,커뮤니티,Community,
zuice,0,쥬스,Zuice,
totalpot,0,전체 팟,Total Pot,
mybalnce,0,전체 금액,My Balance,
min,0,최소,Min,
max,0,최대,Max,
buyinamount,0,바이인,Buy-in,
agree,0,모든 사항에 동의합니다.,I agree with all of the above.,
connect,0,연결,Connect,
email,0,이메일,Email,
logout,0,로그아웃,Log out,
phone,0,폰 번호,Phone Number,
view,0,전체보기,View All,
nick_check,0,닉네임 확인여부,Check Nickname,
password_r,0,패스워드 재설정,Reset Password,
nick_name_input,0,닉네임을 입력하세요,Please enter your nickname.,
gametable,0,클럽 홈,Cafe Home,
handlog,0,핸드로그,Hands Log,
play,0,플레이,Play,
ok,0,확인,OK,
pot_1,0,팟 (이익),"Pot
 (profit)",
exit,0,나가기,Exit,
sitin,0,참가,Sit-in,
sitout,0,싯아웃,Sit-out,
foldcheck,0,폴드/체크,Fold/Check,
reject,0,거부하다,Reject,
confirmsbb,0,칩 승인 관리 / 히스토리,Chip Approval / History,
confirmsbh,0,확인 내역,Confirm History,
sbb,0,칩 요청,Chip Request,
mm,0,멤버,Members List,
co,0,클럽 관리,Cafe Management,
ac,0,가입 승인,Approve Applications,
zc,0,쥬스 히스토리,Zuice History,
owner,0,오너,Owner,
manager,0,매니저,Manager,
member,0,멤버,Member,
cashier_sell,0,전송,Transfer,
cashier_buy,0,구매,Buy,
cashier_borrow,0,대여,Loan,
mtt,0,MTT,MTT,
silver,0,실버,Silver,
rebuy_limit,0,리바이 제한,Rebuy Limit,
chip,0,칩,Chips,
rake_1,0,레이크,Rake,
sec,0,초,Sec,
zch,0,쥬스 히스토리,Zuice History,
decline,0,거부,Decline,
mute,0,음소거,Mute,
role,0,바꾸기,Change member status,
ben,0,내보내기,Ban Participant,
time,0,시간,Time,
tablename,0,테이블/이름,Table/Name,
balance,0,금액,Balance,
no_cafe,0,클럽 코드가 올바르게 입력되지 않았습니다.,Make sure the code you entered is correct.,
not_cafe_member,0,클럽 회원이 아닙니다.,You are not a member of this cafe.,
not_cafe_member_permit,0,멤버 강등 권한이 없습니다,You do not have the right to demote your membership.,
cafe_join_already_joined,0,이미 클럽에 가입했습니다.,You are already a member of this cafe.,
cafe_join_already_applied,0,이미 클럽에 신청했습니다.,You already have a pending application for this cafe.,
cafe_join_pw_wrong,0,클럽 코드 번호가 아닙니다.,Cafe code is incorrect.,
cafe_join_rejected_p,0,클럽 가입 신청이 거부되었습니다.,Your application to the cafe has been rejected.,
cafe_join_rejected,0,클럽 가입 신청이 거부되었습니다. 잠시 후 다시 시도해주세요.,Your application to this cafe has been rejected. Wait for a few minutes to apply to this cafe.,
cafe_join_update_fail,0,가입하지 못했습니다.,Failed to join.,
cafe_transfer_chip_fail,0,칩을 전송하지 못했습니다.,Failed to transfer chips.,
cafe_game_create_fail,0,게임을 생성하지 못했습니다.,Failed to create table.,
cafe_create_fail,0,클럽를 생성하지 못했습니다.,Failed to create cafe.,
cafe_create_fail_already_code,0,클럽 코드가 생성됩니다.,The code for the cafe has been created.,
cafe_create_success,0,클럽를 성공적으로 만들었습니다.,Successfully created your cafe.,
cafe_join_success,0,관리자의 승인을 기다리세요.,Waiting for approval from owner.,
cafe_zc_success,0,쥬스가 충전되었습니다.,Zuice purchase complete.,
table_success,0,게임이 성공적으로 생성되었습니다.,Game has been successfully created,
sell_success,0,팔기를 요청하였습니다.,Selling has been requested. Please wait.,
buy_success,0,사기를 요청하였습니다.,Purchasing has been requested. Please wait.,
borrow_success,0,대여를 요청하였습니다.,Loaning has been requested. Please wait.,
confirm_success,0,요청이 완료되었습니다.,Confirmed.,
accept_success,0,요청이 허용되었습니다.,You have been allowed to join the cafe.,
decline_success,0,요청이 거부되었습니다.,You have refused to join the cafe.,
exit_answer,0,게임을 종료하시겠습니까?,Would you like to quit the game?,
create_cafe_1,0,클럽 생성,Create Cafe,
join_cafe_1,0,클럽 가입,Join Cafe,
cafe_join_success_p,0,클럽 가입을 환영합니다.,Welcome to the cafe.,
decline_success_p,0,클럽 가입 신청이 거부되었습니다.,"Sorry, but your application to this cafe has been rejected.",
radom_sit_in,0,랜덤 앉기,Random Sit-In,
enter,0,확인,Enter,컨펌이 아니라 엔터인 이유가 있나요? 맥락 설명 바랍니다.
not_chip_enough_enter,0,칩이 부족합니다.,Not enough chip.,클럽캐셔 팝업창
game_type_text,0,게임 타입,Game Type,방생성시 사용
handslog,0,핸드 히스토리,Hands history,핸드로그 전체 사용
hold_chips,0,보유 칩,Chip Balance,인게임 바이인 사용
hold_kps,0,보유 KP,KP Balance,인게임 바이인 사용 KP
pot,0,팟,Pot,인게임 배팅사용
timelefttext,0,클럽 운영 시간,Time Left,클럽사용
resrvationtime,0,등록 시작 시간,Reservation Start Time,MTT사용
resrvationdeadline,0,등록 마감 시간,Reservation Deadline,MTT사용
ingame,0,게임설정,In Game,마이페이지 인게임 설정
language,0,언어,Language,마이페이지 인게임 설정
buyinsize,0,디폴트 바이인,Default Buy-in,마이페이지 인게임 설정
buyinsize_des,0,바이인 사이즈가 테이블 최소값보다 작으면 최소 금액으로 수정됩니다.,You will be seated with lowest amount allowed if your buy-in setting is lower than the table's minimum buy-in.,마이페이지 인게임 설정
autorebuy,0,오토 리바이,Auto Re-buy,마이페이지 인게임 설정
autorebuy_chip,0,오토 리바이,Auto Rebuy,마이페이지 인게임 설정
autorebuy_charge,0,칩 충전 크기,Add chips to,마이페이지 인게임 설정
autorebuy_des,0,최대 바이인의 <color=#aa0000>{0}%</color>까지 떨어지면 자동으로 최대 바이인의 <color=#3469C9>{1}%</color>만큼 채워집니다.,If your chip amount drops below <color=#aa0000>{0}%</color> of maximum buy-in / your stack will be automatically charged to <color=#3469C9>{1}%</color> of maximum buy-in.,마이페이지 인게임 설정
betsize1,0,프리플랍 벳 사이즈,Pre-flop Bet Size ,마이페이지 인게임 설정
betsize2,0,이후 벳 사이즈,Bet Size after pre-flop,마이페이지 인게임 설정
bb,0,BB,BB,마이페이지 인게임 설정
autotimebank,0,자동 타임뱅크,Auto Time Bank,마이페이지 인게임 설정
alwaysbank_1,0,항상 사용,Always,
includingbank_1,0,"팟에 칩을 넣은 경우 자동 사용 (블라인드, 앤티 포함)",When you have chips in the pot including Blinds/Ante,
excludingbank_1,0,"베팅을 한 경우에만 자동 사용 (블라인드, 앤티 미포함)",When you have chips in the pot excluding Blinds/Ante (Default),
neverbank_1,0,사용하지 않음,Never,
alwaysbank,0,모든 상황에서 자동으로 타임뱅크를 사용합니다. 이 설정은 타임뱅크가 소진 될 때까지 사용됩니다.,"Automatically use your Time Bank on all of your turns.
This setting will be applied until Time Bank is exhausted.",마이페이지 인게임 설정
includingbank,0,"블라인드, 앤티 상황을 포함해서 팟에 칩이 들어간 경우 자동으로 타임뱅크를 사용합니다. 이 설정은 타임뱅크가 소진 될 때까지 사용됩니다.","Automatically use your Time Bank only when you have
chips in the pot, including blinds/ante. This
will be applied until your Time Bank is exhausted.",마이페이지 인게임 설정
excludingbank,0,"블라인드, 앤티 상황을 제외하고 사용자가 베팅을 한 경우 자동으로 타임뱅크를 사용합니다. 이 설정은 타임뱅크가 소진 될 때까지 사용됩니다.","Automatically use your Time Bank only when you have
chips in the pot, excluding blinds/ante. 
This will be applied until your time Bank is exhausted.",마이페이지 인게임 설정
neverbank,0,모든 상황에서 수동으로 타임뱅크를 사용합니다.,Use your Time Bank manually,마이페이지 인게임 설정
sound,0,사운드,Sound,마이페이지 인게임 설정
eng,0,English,English,마이페이지 언어 사용
kor,0,한국어,한국어,마이페이지 언어 사용
blindante,0,블라인드(앤티),Blind(ante),핸드로그 사용
preflop,0,프리플랍,Pre-Flop,핸드로그 사용
flop,0,플랍,Flop,핸드로그 사용
turn,0,턴,Turn,핸드로그 사용
river,0,리버,River,핸드로그 사용
end,0,끝,End,핸드로그 사용
notice,0,알림,Notice,마이페이지 히스토리 사용
history,0,히스토리,History,마이페이지 히스토리 사용
chip__success,0,칩 충전이 완료되었습니다.,Chip has been charged.,마이페이지 히스토리 사용
chip__request,0,칩 충전을 요청하였습니다.,Chip charging has been requested.,마이페이지 히스토리 사용
chip__cancel,0,칩 충전이 취소되었습니다.,Chip charging has been declined.,마이페이지 히스토리 사용
cafe_success,0,클럽에 가입되었습니다.,Cafe sign-up was successfully completed.,마이페이지 히스토리 사용
cafe_charge,0,클럽 시간 추가,Cafe hours charging station,클럽 충전소 사용
hours,0,시간,Hours,클럽 충전소 사용
hours_des,0,쥬스를 사용하여 클럽 운영 시간을 늘려주세요.,Use zuice to charge your cafe hours.,클럽 충전소 사용
add_zuice_confirm_pannel_title,0,쥬스 사용,Zuice will be consumed.,클럽 충전 버튼 사용시
add_zuice_confirm_pannel_contents,0,쥬스를 사용하여 클럽 운영 시간을 추가합니다.,Zuice will be consumed to add cafe hours.,클럽 충전 버튼 사용시
handslog_sb,0,SB,SB,핸즈로그시
time_change,0,클럽 운영 시간이 충전되었습니다.,Cafe hours have been charged.,쥬스를 시간으로 바꿔 성공할 경우
x,0,X,X,쥬스 변환
minbuyin,0,최소 바이인,Minimum Buy-In,테이블 생성시  바이인
maxbuyin,0,최대 바이인,Maximum Buy-In,테이블 생성시 바이인
hand,0,핸드,Hand,테이블 생성시 쌓인 칩
plo_1,0,PLO 4장 (하이카드),PLO 4 (High Card),오마하 설명
normal,0,노멀,Normal,MTT토너먼트
turbo,0,터보,Turbo,MTT토너먼트
hyper,0,하이퍼,Hyper,MTT토너먼트
defalt,0,디폴트,Defalt,MTT토너먼트
custum,0,커스텀,Custom,MTT토너먼트
cafecode_1,0,클럽코드를 통한 초대,Invite thru code,클럽 가입 및 초대
cafe_tiertool,0,이미지 업로드,Image Upload,클럽 이미지 업로드
cafe_join_text,0,클럽 코드를 입력해주세요.,Please enter cafe code.,클럽 이미지 텍스트
cafe_auto_join_text,0,클럽 자동 가입 코드가 입력되었습니다.,Cafe code has been entered.,
cafecode,0,클럽 코드,Cafe Code,클럽 코드 텍스트
shortdeck_1,0,Short Deck,Short Deck,게임 생성 시 키값
min_1,0,최소,Minimum,
error_cafe_opration_stop_no_zuice,0,클럽 운영이 중지 되었습니다. Zuice를 충전하십시오.,Operation of cafe has been stopped. Use cafe zuice to add cafe hours.,
cafe_list,0,클럽 관리,Cafe management,
change_nickname,0,닉네임 변경하기,Change Nickname,
enter_nickname,0,닉네임을 입력하세요,Enter Nickname,
add_zuice_complete,0,클럽 운영 시간이 충전되었습니다,Zuice has been added to the cafe.,
min_2,0,분,Minutes,
cafe_status_not_normal,0,클럽 운영이 정지된 상태 입니다. 매니저에게 문의해주세요.,Cafe is closed. Contact to the manager please.,
play_game_enter_err_cafe_status_not_normal,0,클럽 운영이 정지되어 테이블에 입장할 수 없습니다.,Not able to enter the table - cafe is closed now.,
please_input_cafe_name_title,0,클럽 이름,Cafe name,
please_input_cafe_name_contents,0,클럽 이름을 입력해주세요.,Please enter the cafe name.,
deal_choice,0,런 잇 트와이스 선택,Select Run It Twice Options,
deal_choice_info,0,레이크가 차감되지 않습니다. 시도해보세요!,No extra rake. Give it a try!,
CAFE_CREATE_FAIL_ALREADY_CODE_BODY,0,이미 사용중인 클럽 코드 입니다. 다시 시도해주세요.,This is a cafe code that is already in use. Please re-enter., 
has_borrowed_chip,0,대여중인 칩이 있습니다. 확인해주세요.,you have a loan chip. Please check.,
no_nickname,0,해당 닉네임은 사용할 수 없습니다.,This nickname cannot be used.,
cafe_zuice_time,0,{0}일 {1:D2}:{2:D2}:{3:D2} 시간 남음,{0} day(s) {1:D2}:{2:D2}:{3:D2}  time left,
cafe_zuice_time_noday,0,{1:D2}:{2:D2}:{3:D2} 시간 남음,{1:D2}:{2:D2}:{3:D2}  time left,
shop_package_01,0,"마로 7일 이용권 \n+ 100,000 코인",Liam + 10K coins,
shop_package_02,0,"마로 30일 이용권 \n+ 500,000 코인",Oliver + 50K coins,
shop_package_03,0,"마로 90일 이용권 \n+ 1,000,000 코인",Mason + 100K coins,
shop_package_04,0,"데이브 7일 이용권 \n+ 100,000 코인",Emma + 500K coins,
shop_package_05,0,"데이브 30일 이용권 \n+ 500,000 코인",Lennon + 1M coins,
shop_package_06,0,"데이브 90일 이용권 \n+ 1,000,000 코인",Jade + 3M coins,
shop_package_07,0,"날개 7일 이용권 \n+ 100,000 코인",,
shop_package_08,0,"날개 30일 이용권 \n+ 500,000 코인",,
shop_package_09,0,"날개 90일 이용권 \n+ 1,000,000 코인",,
shop_package_10,0,"킹메이커 7일 이용권 \n+ 100,000 코인",,
shop_package_11,0,"킹메이커 30일 이용권 \n+ 500,000 코인",,
shop_package_12,0,"킹메이커 90일 이용권 \n+ 1,000,000 코인",,
shop_package_13,0,"하이지니 7일 이용권 \n+ 100,000 코인",,
shop_package_14,0,"하이지니 30일 이용권 \n+ 500,000 코인",,
shop_package_15,0,"하이지니 90일 이용권 \n+ 1,000,000 코인",,
shop_package_16,0,"쨔쨔 7일 이용권 \n+ 100,000 코인",,
shop_package_17,0,"쨔쨔 30일 이용권 \n+ 500,000 코인",,
shop_package_18,0,"쨔쨔 90일 이용권 \n+ 1,000,000 코인",,
shop_package_19,0,"100 7일 이용권 \n+ 100,000 코인",,
shop_package_20,0,"100 30일 이용권 \n+ 500,000 코인",,
shop_package_21,0,"100 90일 이용권 \n+ 1,000,000 코인",,
shop_package_22,0,"즌맨 7일 이용권 \n+ 100,000 코인",,
shop_package_23,0,"즌맨 30일 이용권 \n+ 500,000 코인",,
shop_package_24,0,"즌맨 90일 이용권 \n+ 1,000,000 코인",,
shop_package_25,0,"우유 7일 이용권 \n+ 100,000 코인",,
shop_package_26,0,"우유 30일 이용권 \n+ 500,000 코인",,
shop_package_27,0,"우유 90일 이용권 \n+ 1,000,000 코인",,
shop_package_28,0,"공듀 7일 이용권 \n+ 100,000 코인",,
shop_package_29,0,"공듀 30일 이용권 \n+ 500,000 코인",,
shop_package_30,0,"공듀 90일 이용권 \n+ 1,000,000 코인",,
SYS_ERR_GOOGLE_LOGIN_PLEASE_RETRY,0,다시 시도해주세요.,Please try logging in again.,
SYS_ERR_APPLE_LOGIN_PLEASE_RETRY,0,다시 시도해주세요.,Please try logging in again.,
stack_removal_bb1,0,BB,BB,
stack_removal_bb2,0,BB,BB,
small_blind,0,스몰 블라인드,Small Blind,
extra_blind_option,0,엑스트라 블라인드,Extra Blind,
extra_blind,0,엑스트라 블라인드,Extra Blind,
game_info,0,게임 방 정보,Game Room Info,
random_sitin,0,랜덤으로 앉기,Random Sit In,
autorebuy_desc,0,칩이 자동으로 충전됩니다. 주의해주세요.,If you do not wish to bring chips to the table please do not use this option.,
autorebuy_desc_1,0,바이인이 테이블의 최소값보다 낮으면 최소 금액으로 지정됩니다.,If your Buy-in setting is lower than the table's minimum / you will be seated with the lowest amount allowed.,
buyinsize_des_1,0,자동 바이인 사이즈로 바로 착석합니다.,Get seated immediately with automatic buy-in size.,
buyinsize_dess,0,자동 바이인,Automatic Buy-in,
receive_join_request,0,클럽 가입이 요청되었습니다.,Application(s) for your cafe has been requested.,
receive_order_request,0,캐셔 요청이 들어왔습니다.,Request(s) into your cafe cashier has been received.,
unlimited,0,무제한,Unlimited,
cant_use_cafename_title,0,클럽 생성 실패,Failed to create cafe.,
cant_use_cafename_contents,0,"클럽 이름은  숫자, 영문, 한글로 명명됩니다. ","You can use numbers, alphabets only.",
your_banned_cafe,0,{cafeName} 클럽에서 탈퇴되었습니다.,You've been lefted from {cafeName} cafes.,
really_change_permit,0,권한 레벨 변경,Change Authority Level,
really_change_permit_member_to_manager,0,정말 {nick}님을 클럽 매니저로 임명하시겠습니까?,Are you sure you want to appoint {nick} as cafe manager?,
really_change_permit_manager_to_member,0,정말 {nick}님을 일반 멤버로 강등하시겠습니까?,Are you sure you want to demote {nick} to a regular member?,
really_kick_cafe,0,유저 추방,Ban User,
really_kick_cafe_body,0,정말로 {nick}님을 추방하시겠습니까?,Are you sure you want to ban {nick}?,
change,0,변경,Change,
bet_setting,0,벳 사이즈 설정,Bet Size Presets,
invite_popup,0,친구 초대 방법 선택,Choose invitation methods,
cafecodename_1,0,코드를 공유합니다. 매니저의 가입 승인이 요구됩니다.,Share Cafe code - requires manager's further approval,
cafecodename_2,0,"초대 링크를 공유합니다. 가입 1회, 24시간까지 링크가 유효합니다.",Share Cafe invitation link - one time invitation link that will be expired in 24 hours,
cafecodename_3,0,초대 링크를 공유합니다. 24시간까지 링크가 유효합니다.,Share Cafe invitation link - will be expired in 24 hours,
edit,0,수정,Edit,
delete,0,삭제,Delete,
lc,0,클럽 탈퇴,Withdraw from cafe,
leave,0,탈퇴,Withdraw,
leave_cafe_des,0,"클럽 탈퇴 후 재가입 시, 매니저의 승인이 필요합니다.","When you rejoin after leaving the cafe, the manager's approval is required.",
cho,0,오너 변경,Change Owner,
really_change_permit_manager_to_owner,0,정말 {nick}님을 클럽 오너로 임명하시겠습니까?,Are you sure you want to appoint {nick} as cafe owner?,
really_change_permit_member_to_owner,0,정말 {nick}님을 클럽 오너로 임명하시겠습니까?,Are you sure you want to appoint {nick} to a owner?,
waitforblinds,0,빅블라인드 참여 대기,Waiting for the Big Blind,
invite_message,0,A9J {cafe_name}에서 초대하였습니다. {url},Invited by A9J {cafe_name}. {url},
player_info_change_passive_rake_hands,0,{hand}핸드마다 {passive_rake}BB 수수료 부과.,{passive_rake}BB fee every {hand}hands,
player_info_change_passive_rake_time,0,{time}분 마다 {passive_rake}BB 수수료 부과.,{passive_rake}BB fee every {time}mins.,
player_info_change_stack_removal_hands,0,{hand}핸드마다 {stack_removal}BB를 워싱.,{stack_removal} stacked out every {hand}hands,
player_info_change_stack_removal_time,0,{time}분 마다 {stack_removal}BB 워싱.,{stack_removal} stacked out every {time}mins,
auto_join_code,0,자동 가입 코드,Auto join code,
duplicate_nickname,0,중복된 닉네임입니다.,This nickname is already taken.,
emo_01_bad_beat,0,이걸로 진다고?,Bad Beat,
emo_02_come_on,0,덤벼!,Come On,
emo_03_good_game,0,굿 게임!,Good Game,
emo_04_good_luck,0,굿 럭!,Good Luck,
emo_05_good_play,0,굿 플레이!,Good Play,
emo_06_good_buy,0,굿 바이!,Good Bye~,
emo_07_haha,0,하하,Haha,
emo_08_hellow,0,안녕,Hello,
emo_09_hurry_up,0,빨리 해~,Hurry Up!,
emo_010_iwant_to_call,0,울고 싶어~,I Want To Cry,
emo_011_iam_so_good,0,아주 좋아!,Great,
emo_012_just_one_time,0,한 번만 더!,Just One time,
emo_013_my_last_hand,0,마지막 핸드야~,My Last Hand~,
emo_014_nice_hand,0,나이스 핸드!,Nice Hand!,
emo_015_not_sure_if,0,흠...,Not Sure If,
emo_016_omg,0,세상에!,OMG!!,
emo_017_running_hot,0,불타오르네!,Running Hot,
emo_018_running_cold,0,춥네!,Running cold,
emo_019_ship_it,0,멋져~,Ship It,
emo_020_so_confusing,0,혼란스러워,So Confusing,
emo_021_so_sick,0,아파,So Sick,
emo_022_sorry,0,미안해~,Sorry,
emo_023_thank_you,0,고마워!,Thank You,
emo_024_tilt,0,미치겠네,Tilt,
emo_025_whap,0,아이고!,WHAP,
emo_026_wtf,0,이런...!,WTF,
emo_027_you-suck,0,넌 죽었어!,You Suck,
cafe_logo_select,0,클럽 로고 변경,Change Cafe Logo,
default,0,대표 로고,Default,
starttimebank,0,타임뱅크 시작 설정 (초),Start Time Bank,타임뱅크 설정
addthandbank_1,0,핸드마다,Hand,타임뱅크 설정
addtimebank_2,0,초 추가,Add Sec,타임뱅크 설정
addtime_price,0,금액,Price,타임뱅크 설정
tb2,0,타임뱅크 구매,Buy Time Bank,
table_edit,0,테이블 게임 수정,Table Game Modification,
nlh_info,0,NLH 방정보,NLH Table Info,테이블 클릭 시 입장 정보
plo_info,0,PLO 방정보,PLO Table Info,테이블 클릭 시 입장 정보
mtt_info,0,MTT 방정보,MTT Table Info,테이블 클릭 시 입장 정보
sng_info,0,SNG 방정보,SNG Table Info,테이블 클릭 시 입장 정보
shortdeck_info,0,SHORT DECK 방정보,SHORT DECK Table Info,테이블 클릭 시 입장 정보
change_icon,0,프로필 변경,Change Icon,아이콘
table_delete_success,0,테이블 삭제가 완료되었습니다.,Table Delete Success,
enter_1,0,입장하기,Enter,
about_us,0,회사소개,About Us,회사 소개창
bussiness_name,0,회사명,Bussiness Name,회사 소개창
company,0,(주) 킹스라운지,(c) Kings Lounge,회사 소개창
ceo,0,대표자,CEO,회사 소개창
donggun_jung,0,이정원,Lee Jung Won,회사 소개창
address_1,0,주소,Address,회사 소개창
address_2,0,경상남도 창원시 의창구 용도로 45,Changwon-Si  Kyoungsangnam-Do,회사 소개창
homepage_1,0,홈페이지,Homepage,회사 소개창
homepage_2,0,www.kingslounge.com,www.kingslounge.com,회사 소개창
business_registration,0,사업자등록번호,Business Registration No.,회사 소개창
business_registration_number,0,620-88-02625,620-88-02625,회사 소개창
e-commerce_1,0,통신판매등록번호,E-Commerce Registration No.,회사 소개창
e-commerce_2,0,제 2023-창원의창-0513호,2021-Seoul Gangnam-0,회사 소개창
buyin_min,0,최소 바이인,Minimum Buy-in,방 정보
buyin_max,0,최대 바이인,Maximum Buy-in,방 정보
infinite,0,무제한,Infinite,게임 생성 창
SYS_ERR_LOGIN_FAILED_REAS_ID,0,아이디와 비밀번호를 확인해주세요,Please check your ID and password,로그인1
SYS_ERR_LOGIN_FAILED_REAS_PW,0,아이디와 비밀번호를 확인해주세요,Please check your ID and password,로그인2
SYS_ERR_JOIN_FAIL1,0,이미 가입된 계정입니다.,This account is already signed up,회원가입1
SYS_ERR_JOIN_FAIL2,0,올바르지 않은 이메일 형식입니다.,Invalid email format.,회원가입2
SYS_ERR_JOIN_FAIL3,0,"영문, 숫자, 기호를 조합하여 8자 이상을 사용해야 합니다.","At least 8 characters must be combined with alphabets, numbers, and symbols.",회원가입3
btn_find_password,0,비밀번호를 잊으셨습니까?,Forgot your password?,비밀번호 찾기
other_login,0,다른 방법으로 로그인,Sign in the other way,로그인 창
popup_adult_verification,0,본인 인증,Identity verification,본인인증 팝업
popup_adult_verification_message,0,본인 인증을 하지 않은 계정입니다.<br>청소년보호법 제 17조와 여성가족부의 정책에 따라 연 1회 본인 인증을 진행하시면 청소년 유해매체물을 이용하실 수 있습니다.<br>인증 결과는 1년간 적용됩니다.확인 버튼을 누르시면 본인인증이 진행됩니다.,"This account has not been authenticated.<br>According to Article 17 of the Youth Protection Act and the policy of the Ministry of Gender Equality and Family,<br>you can use harmful media for teenagers if you verify your identity once a year. Certification results are applied for one year. If you click the confirmation button, you will be authenticated.",본인인증 팝업 메세지
btn_nice_cert,0,본인인증,Identification ,본인인증버튼
btn_cert_success,0,본인인증 완료,Identification completed,본인인증 완료 버튼
insurance_cancel_feeback,0,님이 인슈어런스를 선택하지 않았습니다.,did not select Insurance.,인슈어런스 선택 후 팝업(이름은 앞쪽에 넣어주세요)
insurance_ok_feeback,0,님이 인슈어런스를 선택했습니다.,has selected Insurance,인슈어런스 선택 후 팝업(이름은 앞쪽에 넣어주세요)
confirm_agree,0,가입 완료,Sign up complete,
SYS_ERR_NEED_EMAIL_VERIFY,0,이메일 인증이 필요합니다.,Email verification is required.,이메일 인증
SYS_MAIL_CONFIRM,0,이메일 인증,Email Authentication,
cafe_not_enough_chip,0,칩이 존재하지 않습니다.,The chip does not exist.,
find_password,0,패스워드 찾기,Find Password,
insufficient_my_zuice,0,쥬스가 부족합니다.,Insufficient My Zuice,
copyright,0,Copyright 2023 Kings Lounge Inc. All rights reserved,Copyright 2023 Kings Lounge Inc. All rights reserved,
center_number_1,0,고객센터 전화번호,Contact Us,
center_number_2,0,010-2743-6360,010-2743-6360,
really_unjoin_cafe_title,0,클럽 탈퇴,Leave the cafe,
really_unjoin_cafe_body,0,클럽를 탈퇴 하시겠습니까?,Would you like to leave the cafe?,
cafe_join,0,클럽에 가입되었습니다.,Joined the cafe.,
cafe_hosting,0,운영 권한,Hosting,
your_permit_changed,0,멤버 권한이 변경되었습니다,Your permit changed,클럽 멤버 권한 변경 시 알림
SYS_GAME_MAINTAIN_INFO_CHECKING_POPUP,0,서버 점검 중입니다. 잠시 후 다시 접속해 주세요.,System maintenance is being. Please try again after a while,점검 중 접속불가 합업
cafe_confirm,0,클럽 변경,Cafe Confirm,
cafe_noticonfirm,0,공지사항,Change Notice ,
cafe_tier2,0,"다이아몬드 : 테이블 50개,  멤버수 200<br><br>플래티넘 : 테이블 30개,  멤버수 100<br><br>골드 : 테이블 20개,  멤버수 50<br><br>실버 : 테이블 10개,  멤버수 20<br><br>브론즈 : 테이블 1개,  멤버수 6<br><br>클럽티어를 아래로 내릴 경우 돈을 내지 않아도 됩니다.<br><br>1. 티어를 올릴 경우 남은 시간과 현재 등급의 시간을 합산하여 쥬스시간을 채웁니다.<br><br>2. 티어를 내릴 경우 남은 시간만 유지합니다.<br><br>[단, 테이블 개수와 인원이 티어에 맞지 않는 경우에는 티어 변경이 불가합니다.]","Diamond: 50 tables, 200 members<br><br>Platinum: 30 tables, 100 members<br><br>Gold: 20 tables, 50 members<br><br>Silver: 10 tables, 20 members<br><br>Bronze: 1 table, 6 members<br><br>If you take the cafe tier down, you don't have to pay.<br><br>1. When raising the tier, the juice time is collected by adding<br><br>the remaining time and the time of the current level.<br><br>2. When lowering the tier, only the remaining time is maintained.<br><br>[However, if the number and number of people do not match the level, the tier cannot be changed.]",
cafe_option,0,옵션,Cafe Option,
super_manager,0,슈퍼매니저,Super Manager,
table_delete,0,테이블 삭제,Table Delete,
cafe_hosting_1,0,클럽 권한,Cafe Hosting,
cafe_noticonfirm_1,0,공지사항 변경,Change Notice ,
chip_history,0,칩 히스토리,Chip History,
pending,0,요청 대기중,Pending Requests,
transferable,0,전송 가능한 칩,Transferable,
next,0,다음,Next,
target,0,선택,Target,
transfer,0,전송,Transfer,
approve_1,0,가입 승인,Approve<br>Application,
invitation_1,0,링크 초대,Invite<br>Link,
sell_amount,0,판매 가능한 칩,Sell Amount,
buy_amount,0,보유 가능한 칩,Buy Amount,
loan_amount,0,빌린 칩,Loan Amount,
tansfer_amount,0,전송 가능한 칩,Trans Amount,
sell,0,Sell,Sell,
buy,0,Buy,Buy,
loan,0,Loan,Loan,
request,0,요청,Request,
transfer_success,0,전송을 요청하였습니다.,Transfer Success,
cafe_deletecancel,0,클럽 삭제 취소,Undelete Cafe,
cafe_deletecancel_des,0,클럽 삭제를 취소하시겠습니까?,Are you sure you want to cancel the cafe deletion?,
borrow,0,대여,Loan,
borrow_payback,0,Repayment,Repayment,
sold,0,출금 완료,Sell Complete,
bought,0,입금 완료,Buy Complete,
borrow_rejected,0,대여 취소,Loan Cancel,
buy_rejected,0,입금 취소,Buy Cancel,
ac_1,0,가입 승인,Approve<br>Application,
sell_cashier,0,출금,Sell,
borrow_cashier,0,대여,Loan,
buy_cashier,0,입금,Buy,
transfer_cashier,0,전송,Transfer,
chip_history_cashier,0,히스토리,Chip History,
debt_cashier,0,빌린 칩,Debt,
balance_cashier,0,보유한 칩,Balance,
request_cashier,0,요청,Request,
target_cashier,0,타겟,Target,
chip_history_date,0,날짜,Date,
chip_history_status,0,구분,Status,
account_link,0,계정 연동,Account Link,
account_setting,0,계정 관리,Account Setting,
hand_history,0,핸드 히스토리,Hands History,
ingame_setting,0,인게임 설정,In-game Settings,
language_setting,0,언어 설정,Language Settings,
notification_setting,0,알림 설정,Notification Settings,
customer_service,0,고객 서비스,Customer Service,
customer_help,0,고객 도움,Customer Help,
version_info,0,<color=#DAA520>버전 정보</color>,<color=#DAA520>Version</color>,
mute_all_push,0,전체 팝업 설정,All Pop-up Mute,
nightly_noti_push,0,야간 팝업 설정,Night Pop-up Mute,
cafe_noti_push,0,클럽 공지,Cafe Notification,
approve_push,0,가입 승인/프로모션/탈퇴,Cafe Approve & Event & Leave,
chip_approve_push,0,칩 요청 승인/거부,Chip Approve & Decline,
create_delete_push,0,게임 생성/삭제,Table Start & Delete,
tournament_push,0,토너먼트 시작,Tournament Start,
stop_operation_push,0,클럽 운영 상태,Cafe Operation State,
approve_push_2,0,멤버 가입 요청,Member Approve,
chip_push,0,칩 요청,Chip Approve,
stop_operation_owner_push,0,클럽 운영,Cafe Operation,
agreement_1,0,이용 약관,Agree with Terms and Conditions,
dropout,0,회원 탈퇴,Drop Out,
self_block,0,본인 이용 제한,Self Block,
change_nick,0,닉네임 변경,Change Nickname,
delete_account,0,계정 삭제,Delete Account,
cafe,0,클럽,Cafe,
SYS_ERR_LOGIN_EMAIL_IS_EMPTY,0,이메일을 입력해주세요,E-mail is empty,
SYS_ERR_LOGIN_PASSWORD_IS_EMPTY,0,패스워드를 입력해주세요,Password is empty,
pending_request,0,요청 목록,Pending Requests,
really_change_permit_owner_to_manager,0,권한을 오너에서 매니저로 변경합니다.,Owner to Manager,
cafe_not_enough_zuice,0,쥬스가 부족합니다.,Insufficient My Zuice,
emo_028_tomato,0,토마토,Tomato,
emo_029_Dynamite,0,다이너마이트,Dynamite,
emo_030_ball,0,축구공,Ball,
emo_031_Firework,0,폭죽,Firework,
emo_032_Wine,0,와인,Wine,
emo_033_Stone,0,바위,Stone,
account_email,0,연동 계정,Account,
start_time,0,시작 시간,Start Time Bank,
t_late_reg_time_reentry_count,0,참가 마감 시간,Registration Deadline,
t_reentry_count,0,리바이인,Re-Entry,
t_min_player_1,0,최소 / 최대 참가자 설정,Min / Max Player,
t_min_player_des,0,SNG 모드에서는 참가 마감 시간이 게임 시작 시간보다 늦을 경우에만 최대 참가자 설정이 활성화됩니다.,SNG 모드에서는 참가 마감 시간이 게임 시작 시간보다 늦을 경우에만 최대 참가자 설정이 활성화됩니다.,
prize,0,상금,Buy-in,
prize_fee,0,참가 수수료,Buy-in Fee,
total_buyin,0,총 참가비,Total Buy-in,
timebank_des,0,타임 뱅크 지급 시기는 설정한 블라인드 스트럭쳐에 따릅니다,Time bank payment depends on the blind structure you set.,
startingchip,0,시작 칩,Satarting Chips,
t_guarantee,0,최소 보장 금액,Guaranteed Prize,
t_prizefool,0,보장 상금,Prize Amount,
prizepool_des,0,"참가비가 최소 보장금액을 초과할 시, 초과분만큼을 추가하여 지급합니다.","Prize amount exceeds the minimum guaranteed amount, the excess amount is paid in addition.",
table_edit_success,0,수정에 성공하였습니다.,Table edit succes,
table_edit_fail,0,수정에 실패하였습니다.,Table edit fail,
tripsBeatStraight,0,트립스 비트 스트레이트,Trips beat Straight,
button_blind,0,앤티/버튼 블라인드,Ante / Button Blind,
take_out_insurance,0,보험을 가입하였습니다.,has taken out Insurance.,
not_take_out_insurance,0,보험 가입을 거절하였습니다.,has not taken out Insurance.,
game_option_changed,0,방의 게임 옵션이 변경 되었습니다,Game options changed.,
t_open_time,0,등록 시작 시간,Registration Start Time,
t_start_time,0,토너먼트 시작 시간,Tournament Start Time,
t_close_time,0,참가 마감 시간,Late Registration Time,
t_reentry_count_des,0,참가 마감 시간이 게임 시작 시간보다 늦을 경우에만 재참가가 가능합니다,Re-entry is only possible if the entry deadline is later than the game start time.,
t_buyin,0,바이인,Buy In,
t_buyin_fee,0,수수료,Buy In Fee,
t_action_time,0,액션 타임,Action Time,
t_time_bank_sec,0,타임뱅크,Time Bank,
t_starting_chip,0,시작 칩,Starting Chips,
t_reward_all_chip,0,보장 상금,Guaranteed Prize,
t_blind_up_structure,0,블라인드 스트럭쳐,Blind Structure,
t_payout__structure,0,페이아웃 스트럭쳐,Payout Structure,
t_is_hide_nickname,0,닉네임 가리기,Hide Nickname,
t_is_allow_chat,0,채팅 제한,Chat Restrictions,
t_game_type,0,게임 타입,Game Type,
t_min_player,0,최소 참가 인원,Min Player,
t_max_player,0,최대 참가 인원,Max Player,
accrue_buyin,0,모인 상금,Accrue Buy In,
accrue_buyin_fee,0,모인 수수료,Accrue Buy In Fee,
rank_text,0,순위,Rank,
rank_data,0,{0} / {1},{0} / {1},
congratulations,0,Congratulations!,Congratulations!,
my_rank,0,내 순위,My Rank,
my_money,0,상금,My Prize,
gtd_select,0,최소 보장 금액,GTD,
reentry_select,0,재참가,Re-entry,
pick_time,0,시간 설정,Date,
mtt_option,0,토너먼트 정보,Setting,
mtt_live,0,현재 진행 상황,Live,
mtt_payout,0,페이아웃,Payout,
mtt_blind,0,블라인드,Blind,
mtt_list,0,참가 인원,Players,
enter_request,0,참가 신청,Registration,
blind_level,0,현재 블라인드 레벨,Blind Level,
next_blind_up_time,0,다음 블라인드 업,Next Blind up time,
apply_count,0,참가 인원,Entries,
rank,0,현재 등수,Rank,
payout_user_count,0,페이아웃 인원,Places Paid,
mtt_nlh,0,MTT NLH,MTT NLH,
mtt_plo,0,MTT PLO,MTT PLO,
mtt_6+,0,MTT 6+,MTT 6+,
timebank_setting,0,타임뱅크 설정,Timebank Setting,
mtt_result,0,토너먼트 결과,Tournarment Result,
reward,0,보상,Reward,
t_is_allow_observer,0,관전,Observer,
tnmt_start_time,0,시작 시간,Start Time,
tnmt_next_blind_up,0,다음 블라인드,Next Blind Up,
tnmt_break_time,0,브레이크 타임,Break Time,
cancel_enter_request,0,토너먼트 취소,Tournarment cancel,
sng_nlh,0,SNG NLH,SNG NLH,
sng_plo,0,SNG PLO,SNG PLO,
sng_6+,0,SNG 6+,SNG 6+,
sng_option,0,토너먼트 설정,Setting,
sng_live,0,현재 진행 상황,Live,
sng_payout,0,페이아웃,Payout,
sng_blind,0,블라인드,Blind,
sng_list,0,참가 인원,Players,
sng_payout_structure,0,,,
msg_cannot_play_under_18_years_old,0,이 게임물은 <color=#b70038>청소년 이용불가</color> 게임물로\n19세 미만의 청소년은 이용할 수 없습니다.,This game is <color=#b70038> rated for adults only </color>and is not accessible to individuals under the age of 18.,
storage,0,보관함,Storage,
userinfo,0,유저정보,User info,
refitem_char01,0,레오,,
refitem_char02,0,루나,,
refitem_char03,0,드레이크,,
refitem_char04,0,마로,,
refitem_char05,0,데이브,,
refitem_char06,0,날개,,
refitem_char07,0,킹메이커,,
refitem_char08,0,하이지니,,
refitem_char09,0,쨔쨔,,
refitem_char10,0,100,,
refitem_char11,0,즌맨,,
refitem_char12,0,우유,,
refitem_char13,,공듀,,
refitem_zc_01,0,유료 1만칩,,
refitem_zc_02,0,유료 5만칩,,
refitem_zc_03,0,유료 10만칩,,
refitem_zc_04,0,유료 50만칩,,
refitem_zc_05,0,유료 100만칩,,
refitem_zc_06,0,유료 300만칩,,
prof_top_nickname,0,닉네임 변경,,
attendance_1day_title,0,1일차,,
attendance_2day_title,0,2일차,,
attendance_3day_title,0,3일차,,
attendance_4day_title,0,4일차,,
attendance_5day_title,0,5일차,,
attendance_6day_title,0,6일차,,
attendance_7day_title,0,7일차,,
attendance_attention,0,출석체크,,
prof_holdem_totalgame_count,0,총 게임 수 ,,
prof_holdem_totalbet_ratio,0,전체 배팅 비율,,
prof_holdem_fold_ratio_detail,0,폴드 비율,,
prof_holdem_fold_ratio_preflop,0,프리플랍,,
prof_holdem_fold_ratio_flop,0,플랍,,
prof_holdem_fold_ratio_turn,0,턴,,
prof_holdem_fold_ratio_leaver,0,리버,,
prof_botton_holdem_max_winmoney,0,최대 획득 금액,,
prof_top_loss_money,0,획득/손실머니,,
loss_limit,0,손실한도,,
quest_day_winHoldemCount,0,홀덤 게임 승리하기(일간),,
quest_day_playHoldemCount,0,홀덤 게임 플레이 하기(일간),,
quest_monthly_fourCardOrMore,0,포카드 이상 완성하기(월간),,
quest_monthly_winHoldemCount,0,홀덤 게임 승리하기(월간),,
quest_monthly_playHoldemCount,0,홀덤 게임 플레이 하기(월간),,
com_ingame_roomnum,0,방 번호,,
com_ingame_gamenum,0,게임 번호,,
mail_timer_info_day_over,0,{0}일 {1}시간 {2}분,,
mail_timer_info_hours_over,0,{0}시간 {1}분,,
mail_timer_info_minutes_over,0,{0}분 {1}초,,
mail_timer_info_less_minute,0,{0}초,,
player_info_change_surplus_bet_chip,0,팟 오버 금액을 반환하였습니다.,,
notice_title,0,공지사항,,
purchase_complete,0,구매가 완료되었습니다.,,
receive_reward,0,보상받기,,
open_recom,0,추천인 등록,,
accept,0,수락,,
refuse,0,거절,,
already_phone_num,0,이미 사용중인 전화번호입니다. ,,
not_enugh_chip,0,보유 칩이 모자랍니다. ,,
ticket_type,0,바이인 티켓 타입,,
ticket_count,0,바이인 티켓 수,,
reward_ticket_type,0,티켓 보상,,
ticket_in_rank,0,,,
tnmt_apply_fail,0,토너먼트 입장 실패,,
TNMT_NOT_OPEN_CANT_REGIST,0,토너먼트가 아직 오픈되지 않았습니다.,,
t_blind_up_structure_1,0,<color=#f89b00>데일리게임</color>,,
t_blind_up_structure_2,0,<color=#bfff00>몬스터게임</color>,,
t_blind_up_structure_3,0,<color=#fbceb1>멀티테이블게임</color>,,
t_blind_up_structure_4,0,<color=#ffd700>시티투어</color>,,
t_blind_up_structure_5,0,<color=#00d1ff>네셔널</color>,,
t_blind_up_structure_6,0,<color=#dc143c>챔피언쉽</color>,,
t_blind_up_structure_7,0,<color=#faff00>시드권세틀</color>,,
t_blind_up_structure_8,0,<color=#ffd966>시드권세틀 2</color>,,
t_blind_up_structure_9,0,<color=#6937a1>프리롤</color>,,
not_open,0,준비 중,,
open,0,등록 중,,
later,0,추가등록,,
playing,0,진행 중,,
done,0,종료,,
canceled,0,취소됨,,
t_close_blind_up_level,0,등록 마감 레벨,,
table_fail,0,진행할 수 없습니다.,,
TNMT_NO_TN,0,종료된 토너먼트입니다.,,
TNMT_APPLY_ALREADY,0,토너먼트 이미 참가중입니다.,,
TNMT_OUT_OF_ROOM_NO_REASON,0,토너먼트 중에는 나갈수 없습니다.,,
TNMT_TICKET_NOT_ENOUGH,0,티켓이 부족하여 참가할 수 없습니다.,,
tnmt_room_enter,0,토너먼트 방 입장,,
holding_chip,0,보유 칩,,
daily,0,<color=#ffd966>데일리게임</color>,,
monster,0,<color=#70f404>4만 몬스터게임</color>,,
sds,0,SDS 게임,,
multigame,0,<color=#04f4b5>멀티테이블게임</color>,,
tour,0,<color=#f204f4>시티투어</color>,,
national,0,<color=#00d1ff>네셔널</color>,,
championship,0,<color=#f4042d>챔피언쉽</color>,,
seeding_rights_1,0,<color=#faff00>시드권세틀</color>,,
seeding_rights_2,0,<color=#ffd966>시드권세틀 2</color>,,
buyin_scale,0,바이인 (배수),,
sucess_get_point,0,포인트 가져오기를 성공하였습니다.,,
sucess_return_point,0,포인트 내보내기를 성공하였습니다.,,
not_enugh_point,0,포인트 한도가 초과하였습니다.,,
TNMT_CHIP_NOT_ENOUGH,0,칩이 부족하여 참여할 수 없습니다.,,
TNMT_USER_REGIST_CLOSED,0,마감한 토너먼트입니다.,,
prof_botton_holdem_odds,0,평균 승률,,
rank_in_text,0,{0}등 축하드려요!!,,
rank_out_text,0,아쉽게 {0}등을 하셨네요 다음 도전을 기다릴께요!,,
tnmt_result,0,토너먼트 결과,,
inventory,0,아이템,,
mailbox,0,메일함,,
ring_game_coin,0,링게임(코인),,
ring_game_chip,0,링게임(칩),,
tournament,0,토너먼트,,
ring_game,0,링게임,,
ticket1_count,0,주간티켓 : {0},,
ticket2_count,0,프리티켓 : {0},,
ticket3_count,0,씨티티켓 : {0},,
lounge_point,0,킹스라운지 포인트\n{0},,
next_blind_anti,0,다음 {0} / {1} ({2}),,
next_blind,0,다음 {0} / {1},,
my_rank_text,0,내 순위 {0} / {1},,
prize_text,0,상금 {0},,
late_reg,0,추가 등록 {0},,
ingame_holdem_rank_highcard,0,하이카드,High card,
ingame_holdem_rank_onepair,0,원 페어,One pair,
ingame_holdem_rank_twopair,0,투 페어,Two -pair,
ingame_holdem_rank_threeofkind,0,쓰리 오브 카인드,Three of a kind,
ingame_holdem_rank_straght,0,스트레이트,Straight,
ingame_holdem_rank_flush,0,플러시,Flush,
ingame_holdem_rank_fullhouse,0,풀 하우스,Full House,
ingame_holdem_rank_fourofkind,0,포 오브 카인드,Four of a kind,
ingame_holdem_rank_straghtflush,0,스트레이트 플러시,Straight Flush,
ingame_holdem_rank_royalstraghtflush,0,로얄 스트레이트 플러시,Royal Straight Flush,
ingame_holdem_rank_clover,0,클로버,Clover,
ingame_holdem_rank_heart,0,하트,Heart,
ingame_holdem_rank_dia,0,다이아,Diamond,
ingame_holdem_rank_spade,0,스페이드,Spade,
ingame_holdem_fold_win,0,기권승,ABSTAINING,
ingame_holdem_fold_lose,0,기권패,WAIVER,
total_pot,0,총 팟 금액,,
show_card,0,쇼카드,,
min_raise,0,미니멈 레이즈 : {0},,
mtt_start_time,0,시작 시간 : {0},,
reward_chip,0,획득 상금 : {0},,
ticket_1_reward,0,획득 티켓 : 주간티켓 {0}개,,
ticket_2_reward,0,획득 티켓 : 프리티켓 {0}개,,
ticket_3_reward,0,획득 티켓 : 씨티티켓 {0}개,,
ticket_4_reward,0,획득 티켓 : 팀프로티켓 {0}개,,
ticket_5_reward,0,획득 티켓 : 온라인티켓 {0}개,,
success_get_point,0,포인트 가져오기를 성공하셨습니다.,,
leave_cancel_tnmt,0,토너먼트가 취소되어 방에서 퇴장하였습니다.,,
blind_up,0,블라인드업 {0}/{1},,
blind_up_ante,0,블라인드업 {0}/{1}({2}),,
break_time_count,0,브레이크 타임 [{0}],,
cancel_success,0,취소 되었습니다.,,
TNMT_NO_MORE_REENTRY,0,리엔트리 참여횟수가 초과되었습니다.,,
TNMT_NO_MORE_REGIST,0,토너먼트에 참여할 수 없습니다.,,
none,0, , ,
SYS_VERSION_UPDATE_TITLE,0,새로운 버전이 출시되었습니다.,,
cancel_dropout,0,탈퇴 취소,,
SYS_MAINTENANCE_TITLE,0,서버 정검,,
mtt_reward,0,보상,,
kingshill_err_no_userinfo,0,등록한 추천인이 아닙니다.,,
get_main_tnmt_ticket,0,메인티켓을 획득,,
level,0,레벨,,
regi_end,0,레지 마감,,
game_end,0,게임 종료,,
game_canceled,0,게임 취소,,
ticket1,0,주간티켓,,
ticket2,0,프리티켓,,
ticket3,0,씨티티켓,,
coffe_break,0,자리비움,,
coffe_break_disc,0,아무데나 클릭해 재참여하기,,
chip_count_text,0,{0} 칩,,
ticket_counting_text,0,{0} 장,,
total_buyin_chip,0,총 바이인 칩,,
total_buyin_ticket,0,총 바이인 금액,,
tnmt_entry,0,토너먼트 입장,,
total_chip,0,사용 칩,,
total_ticket,0,사용 티켓,,
total_KP,0,사용 KP,,
buyin_min_button,0,최소({0}),,
buyin_max_button,0,최대({0}),,
buyin_scale_min,0,최소 바이인 : {0},,
buyin_scale_max,0,최대 바이인 : {0},,
entry,0,엔트리,,
reentry,0,리엔트리,,
cannot_buyin_already_chips,0,칩을 보유한 상태로 바이인 하실 수 없습니다.,,
cannot_buyin_in_playing,0,플레이중엔 바이인 하실 수 없습니다.,,
no_more_rebuy,0,칩 추가 가능한 상태가 아닙니다.,,
and,0,그리고,,
or,0,또는,,
WRONG_PASSWORD,0,비밀번호를 잘못 입력 하셨습니다.,,
SYS_ERR_LOGIN_FAIL_BLOCK_USER,0,블럭 처리된 계정으로 로그인 하셨습니다.,,
start_tnmt_soon,0,토너먼트가 곧 시작합니다.,,
EVENT,0,이벤트,,
HOT,0,HOT,,
tnmt_cancel,0,토너먼트 삭제,,
network_error,0,네트워크 에러,Network Error,
api_failed,0,서버에서 응답이 지연되고 있습니다.,Please check the internet connection,
ping_failed,0,인터넷 환경이 불안정한 상태입니다.,Please check the internet connection,
network_not_connected,0,네트워크가 연결되지 않았습니다.,Please check the internet connection,
ws_failed,0,서버와의 연결이 불안정한 상태입니다.,,
t_minmax_player,0,최소 / 최대 인원,,
t_reentry_cost,0,리바이인 참가비,,
t_reentry_chip,0,리바이인 시작 칩,,
mtt_ob_table,0,테이블,,
max_chip,0,최대 칩,,
min_chip,0,최소 칩,,
no_room_number,0,닫힌 방입니다.,,
ticket4,0,팀프로티켓,,
ticket5,0,온라인티켓,,
delete_ob_table,0,관전중인 테이블이 종료되었습니다.,,
ticket4_count,0,팀프로티켓 : {0},,
ticket5_count,0,온라인티켓 : {0},,
bb_text,0,BB로 보기,,
agent_name,0,지점,,
room_title,0,방 제목,,
sell_rejected,0,출금 취소,,
cafe_challenge,0,챌린지,,
vive,0,진동,,
lounge_kp,0,킹스라운지 KP\n{0},,
kp_count_text,0,{0} KP,,
get_tnmt_kp,0,획득 KP : {0},Reward KP : {0},토너 결과 팝업 KP 상금
